season,team,PTS40,OP_PTS40,PTS,OP_PTS,3P%,OP_3P%,2P%,OP_2P%,FT%,3PR,OP_3PR,FTR,OP_FTR,OREB%,DREB%,ASTR,OP_ASTR,TOVR,OP_TOVR,PFR,PFDR,AST-TOV_R_x,OP_AST-TOV_R_x,STLR,OP_STLR,BLKR,OP_BLKR,PACE,ORtg,DRtg,NETRtg,TS%,eFG%,OP_TS%,OP_eFG%,AST-TOV_R,OP_AST-TOV_R
2016,EFS,82.6557377,82.36065574,2521,2512,34.83309144,39.78159126,50.25906736,54.14673046,74.83108108,33.7745098,33.82585752,29.01960784,26.75461741,32.98701299,69.11468813,60.39173014,62.74089936,15.73735027,18.88482033,25.13542987,27.79526372,1.563380282,1.375586854,9.3980796,7.846509855,7.894736842,5.551443375,73.96,111.7573522,111.3583771,0.398975077,55.0029595,51.11702479,59.51008073,56.31419754,1.659612147,1.436965258
2016,CSK,86.59282526,78.90909091,2619,2387,40.5775076,35.90504451,55.50737207,51.48430874,81.63884674,36.33351739,36.37344846,36.38873551,32.70372369,30.43944266,69.86434109,67.47519294,63.83981154,19.33223961,19.9086596,29.48609941,29.7964794,1.403669725,1.207126949,9.400079812,9.533099809,8.396946565,8.239375542,74.56769714,116.1264577,105.8395779,10.28687979,62.56217962,57.66524305,56.50039485,52.53339778,1.500260326,1.275369649
2016,MTA,77.70954357,83.28630705,2341,2509,39.22829582,34.94897959,51.90713101,53.59477124,72.56097561,34.02625821,39.0438247,26.91466083,24.70119522,26.15694165,69.04977376,60.57471264,64.19354839,19.21459767,14.91956995,27.39775573,25.18242565,1.24,1.809090909,7.369363341,9.494271789,4.330065359,6.218905473,73.42273859,105.838525,113.4339425,-7.595417431,57.31268449,54.42903982,56.6667218,53.42619665,1.328921054,2.004421181
2016,OLY,77.60995851,73.9253112,2338,2227,33.47639485,36.95271454,52.16262976,46.67697063,74.01032702,37.6819407,30.61662198,31.32075472,26.91689008,33.11320755,71.38836773,54.48028674,53.86503067,17.91245289,16.93286562,27.52173751,29.90073516,1.1875,1.209366391,8.769638392,9.096167481,7.72797527,7.612456747,71.16215768,109.0607158,103.8828973,5.177818413,55.52362916,51.62660023,53.52806707,49.54776255,1.254467572,1.331055334
2016,RMD,86.16666667,78.43333333,2585,2353,37.51568381,35.60830861,56.96539485,50.4526749,77.39463602,41.42411642,35.6802541,27.13097713,29.16887242,33.83838384,70.96474954,65.67481403,55.92028136,16.91382179,16.82239573,28.38779279,27.97637551,1.67027027,1.296195652,9.599736693,8.365484832,7.242798354,5.057675244,72.91866667,118.1681874,107.562764,10.60542339,60.0954723,56.75056277,55.27607643,51.59368314,1.823895086,1.393066919
2016,ZAL,78.33333333,79.7,2350,2391,38.93249608,37.09449929,51.95822454,53.50444225,79.38342967,35.66629339,41.17305459,29.0593505,38.38559814,34.33298862,72.18124341,67.5739645,65.83850932,19.54039463,16.53050499,33.39544217,29.90779227,1.39608802,1.531791908,7.070851847,10.6540538,5.429417572,8.18102698,69.77,112.2736611,114.2324781,-1.958817066,58.48605333,54.47819859,59.4809143,54.52225875,1.49870631,1.690990564
2016,MIL,80.39834025,87.00414938,2422,2621,34.98349835,38.83116883,52.45518316,56.86098655,75.34246575,32.08046585,40.84880637,30.91582848,31.08753316,32.53358925,67.75510204,59.0960452,60.98606645,19.04847076,18.4671794,29.51171526,27.94670005,1.227699531,1.377723971,9.434805938,10.19495618,4.125560538,6.235385814,74.2373444,108.299052,117.1972813,-8.898229297,56.32973059,52.34949515,61.25133632,57.55802932,1.377485275,1.480829176
2016,PAO,75.95102041,72.94693878,2326,2234,35.98484848,37.0675453,50.92081031,48.32653061,71.42857143,42.17252396,33.13318777,27.20979766,27.18340611,27.45825603,69.96124031,54.77326969,57.6499388,15.64624583,19.13871142,27.80002608,27.05496675,1.366071429,1.145985401,10.43083055,7.078063591,7.918367347,5.801104972,70.12179592,108.3129994,104.0289083,4.284091121,55.41828971,52.36571414,54.65059251,50.92267009,1.601903009,1.277855325
2016,BAS,81.5,79.2,2445,2376,34.80176211,37.7899045,53.25824618,49.01610018,76.06679035,35.3950104,39.6002161,28.01455301,32.95515937,31.74904943,70.58823529,59.95550612,63.27272727,17.94876444,17.67681346,28.690828,27.64834926,1.361111111,1.338461538,9.019707381,8.385155103,8.228980322,6.757843926,73.54266667,110.8200228,107.6925866,3.127436227,56.66264368,52.94977277,56.05580797,52.08412012,1.557173091,1.509285782
2016,FNR,75.57024793,74.19408167,2286,2244,38.29787234,35.69277108,51.5952598,51.97195443,75.66539924,37.49287749,36.7867036,29.97150997,26.26038781,28.29015544,70.57057057,62.83618582,61.20481928,17.81800858,18.62791806,27.82277275,29.72844212,1.374331551,1.299232737,9.6236303,9.718913768,8.413672217,7.11030082,69.38842975,108.9090043,106.9080515,2.000952835,57.73988141,53.99009558,55.98381627,52.84949973,1.4382662,1.497365617
2016,DAR,78.77178423,78.53941909,2373,2366,37.36263736,36.76248109,48.34324554,53.7414966,71.99312715,38.2152231,35.98258029,30.5511811,27.54491018,32.40324032,69.12350598,51.01070155,62.4,15.73612168,17.47414109,28.18409853,28.93567449,1.280597015,1.467741935,9.112858525,7.374839116,6.292517007,9.940526763,70.66755187,111.4681097,111.1392952,0.328814483,55.02967834,51.4558818,57.45045999,54.32098283,1.434500844,1.645348002
2016,BAR,71.07053942,74.42323651,2141,2242,37.84916201,36.07681756,48.48484848,51.21076233,73.68421053,41.17308798,39.53362256,26.22196665,22.55965293,28.62944162,71.30350195,67.40547588,61.15107914,21.09182323,17.52097279,26.32907053,28.32874677,1.167042889,1.385869565,10.09360389,11.04583068,5.470852018,6.353861193,69.72082988,101.935877,106.7446223,-4.808745251,55.39212102,52.21199267,55.35183579,52.5389018,1.30701164,1.471185731
2016,BAM,79.23966942,80.33057851,2397,2430,40.17216643,37.86982249,54.82695811,51.08038029,78.27050998,38.83008357,36.87943262,25.12534819,33.38788871,23.95273899,70.98039216,62.01814059,55.60802834,17.48773527,15.71564476,30.68514615,26.48808969,1.458666667,1.397626113,7.647969557,8.720550654,7.087294728,7.012750455,70.88793388,111.7816038,113.3205245,-1.538920704,60.16414284,57.06149777,58.09099167,53.47127254,1.526467718,1.534341122
2016,RED,73.32780083,73.16182573,2209,2204,33.11688312,35.07462687,50.08223684,54.59770115,75.04950495,33.62445415,39.08984831,27.56550218,27.07117853,26.4565425,71.32116004,60.27060271,66.83229814,16.88746679,22.73492759,28.39526964,27.13221811,1.35734072,1.106995885,12.67729501,9.636615396,4.69348659,8.634868421,70.96033195,103.3363272,103.1024288,0.233898432,53.80516126,50.046667,57.47163926,53.93838666,1.47729268,1.168195252
2016,GAL,78.16666667,82.5,2345,2475,40.46920821,40.88820827,50.87866109,51.28604832,72.35576923,36.33457645,33.72933884,22.16302611,25.41322314,27.42409403,64.50381679,66.28959276,59.24324324,16.79684219,17.07678956,26.26839488,25.80181593,1.627777778,1.49726776,8.678368467,9.098289522,9.119251754,5.439330544,71.442,109.4127637,115.4782901,-6.065526348,57.0235568,54.57133691,57.80421983,55.03485483,1.86938842,1.594767917
2016,KAZ,76.28215768,80.49792531,2298,2425,36.67232598,38.40245776,50.04101723,52.61011419,79.48243993,32.57743363,34.68300479,29.92256637,26.37187001,31.68316832,69.09827761,57.14285714,62.68156425,17.86539205,16.40410668,27.10448662,27.90583666,1.245382586,1.612068966,7.683532728,9.899029895,6.60685155,5.824446267,70.42058091,108.32367,114.3102262,-5.986556175,56.35047893,51.96568862,57.82570819,54.37859735,1.367117552,1.711426096
2017,EFS,77.36666667,84.33333333,2321,2530,34.24437299,42.15976331,49.9222395,55.45064378,76.3915547,32.59958071,36.71917436,27.30607966,26.29005975,32.25508318,69.66413868,54.03508772,63.37271751,15.60878997,16.41044987,26.83202867,28.10525323,1.395770393,1.695402299,8.299537867,8.535320192,7.811158798,7.076205288,70.68666667,109.4501556,119.3058568,-9.855701217,54.5355448,50.72323698,61.59128508,58.24197571,1.645389735,1.962066516
2017,CSK,89.12863071,79.30290456,2685,2389,42.7444795,37.30407524,56.40612409,51.56118143,82.08695652,33.81333333,34.99725727,30.66666667,33.57103675,31.90118153,67.58893281,56.23069001,62.42638398,15.74015437,19.27365842,30.4248465,29.50705324,1.591836735,1.261904762,10.55462247,7.663573703,7.679324895,7.655116841,72.33659751,123.2137449,109.6304047,13.58334022,63.17848382,59.03378759,57.35204447,53.40708945,1.827499608,1.318972205
2017,MTA,81.33333333,84.33333333,2440,2530,35.58718861,38.32020997,51.46533238,51.65016502,70.67137809,28.65884753,38.60182371,28.86282509,26.54508612,32.43243243,68.49953402,56.95652174,60.67538126,15.48410602,15.25639858,26.50514619,26.73285363,1.541176471,1.662686567,9.017214683,8.106384917,8.99339934,6.075768406,73.19333333,111.1212314,115.2199654,-4.098733947,55.41012468,52.35903047,57.40078607,54.00829255,1.62301543,1.895179589
2017,OLY,76.24489796,75.16734694,2335,2302,33.38213763,32.95454545,52.09090909,50.7751938,75.5988024,38.30622546,32.31899265,37.46494672,27.49213012,31.1023622,71.24423963,60.54931336,52.21445221,17.93353384,14.61769816,29.00188676,31.19687658,1.263020833,1.431309904,7.519007678,9.760699408,4.186046512,6.818181818,69.91804082,109.0489623,107.5077992,1.541163064,56.10711397,51.26869777,53.91842643,50.39508456,1.344397708,1.712494118
2017,RMD,85.87551867,79.50207469,2587,2395,37.67560664,36.85674548,55.90909091,49.41077441,79.06197655,41.58258099,37.70319874,31.7047265,28.68379654,30.90727817,69.89843029,64.17582418,57.86384977,15.47873855,16.53515098,27.69637788,30.49816735,1.732937685,1.369444444,9.415849861,8.772816212,8.501683502,6.090909091,72.27153527,118.8234321,110.004685,8.818747187,60.55311108,56.40995356,55.99446637,51.87139993,1.887622,1.581923425
2017,ZAL,80.52674897,79.53909465,2446,2416,42.2,36.48468708,54.30410298,51.05162524,77.55443886,28.68617326,41.79187535,34.25129088,37.11741792,32.70089286,69.32153392,66.36568849,69.43069307,18.95260905,16.45388198,33.37922191,30.83334905,1.462686567,1.607449857,8.344805476,9.900616667,5.162523901,8.205953339,69.82979424,115.3186113,113.9042375,1.41437381,61.21157709,57.11309433,57.96489101,52.77534363,1.608382693,1.990129345
2017,MIL,80.32786885,84.42622951,2450,2575,36.73758865,41.09816972,52.55731922,54.41751368,77.95786062,38.3360522,31.96808511,33.55084285,30.10638298,28.1496063,68.86597938,56.37426901,59.70307529,14.86652748,14.95973455,29.87286556,30.47871151,1.510971787,1.753894081,7.270151368,7.736186712,5.942142299,5.731922399,70.35278689,114.1786593,120.0041011,-5.825441802,58.19998045,53.74397817,60.65782177,56.96140552,1.71559148,1.841457801
2017,PAO,77.95884774,76.54320988,2368,2325,35.17786561,35.70219966,53.93772894,51.84563758,67.88830716,41.00486224,33.1463825,30.95623987,34.26808749,29.76303318,67.84274194,57.24299065,57.65983112,16.18593653,18.57864019,31.80888397,29.32234879,1.420289855,1.207070707,10.1807195,7.694184323,6.124161074,6.868131868,70.17218107,111.0965151,109.0791375,2.017377597,56.49800126,53.68187323,56.78373212,52.6591141,1.534182734,1.315887353
2017,BAS,82.9,79.1,2487,2373,39.86013986,35.99439776,55.88752197,53.06122449,75,38.58607663,38.78326996,25.90393956,28.73438349,30.47120419,71.7519685,64.49511401,63.50877193,17.58564862,16.79475966,28.09981949,27.58806781,1.571428571,1.504155125,8.420641271,9.53719039,8.251996451,7.029876977,71.64933333,115.7024024,110.3987941,5.303608315,60.27449835,57.43998409,57.46423844,53.69943333,1.750061715,1.713660633
2017,FNR,79.37704918,73.93442623,2421,2255,42.38410596,34.87698987,53.50877193,51.37111517,79.01459854,34.63302752,38.71148459,31.42201835,30.08403361,32.36282195,68.42629482,67.32101617,61.51930262,17.36415959,16.77885084,30.43605502,30.53360648,1.637640449,1.436046512,8.828406985,8.974734172,7.952468007,6.140350877,67.21967213,118.0860404,109.9892693,8.096771047,61.23818328,57.2063985,55.77015484,51.87807095,2.020293824,1.491453824
2017,KHI,77.93333333,78.4,2338,2352,35.69682152,37.44740533,52.47332687,50.57142857,74.50980392,44.2401298,40.44242768,27.58247701,36.92569484,29.71428571,65.26005888,65.54621849,66.66666667,16.80975536,19.04155903,31.53016259,28.1112293,1.542372881,1.326683292,10.25679988,9.402066555,8.571428571,6.304558681,70.19733333,111.0203616,111.6851542,-0.664792585,56.51029343,53.01672947,57.5016039,52.76690266,1.640519415,1.450030954
2017,BAR,81.86666667,80.13333333,2456,2404,38.23933975,34.2291372,54.93562232,52.52274607,74.02597403,38.42494715,36.89979123,24.41860465,29.17536534,28.91566265,69.77818854,66.99346405,61.00342075,16.83486154,15.17443684,29.47253842,26.0133203,1.684931507,1.626139818,8.394369315,9.08621294,5.541770058,6.35193133,72.27066667,113.2778628,110.8794716,2.398391233,58.76907381,55.93839499,55.60487117,51.98172212,1.850309449,1.889575191
2017,BAM,76.96666667,81.53333333,2309,2446,38.35403727,38.27893175,50.49954587,53.83244207,79.85989492,36.90544413,37.52783964,32.72206304,32.62806236,26.37021717,71.10423117,60.3985056,60.55684455,17.37648414,15.28178468,31.13485104,29.80186047,1.328767123,1.626168224,6.902986851,8.188370609,4.367201426,7.720254314,70.018,109.9241148,116.4462472,-6.522132404,57.84157205,53.22936287,59.72770278,55.41915751,1.45222907,1.776787749
2017,RED,77.76666667,83.83333333,2333,2515,34.14634146,41.0459588,49.44491887,55.4770318,75.08960573,38.65898376,35.79126489,29.22996333,34.88372093,32.97297297,67.2907489,56.91937425,66.17812852,15.29312614,17.80252455,32.90626213,29.49726807,1.464396285,1.561170213,9.611469371,8.001666619,6.272084806,5.892399658,70.402,110.4608771,119.0780565,-8.617179436,54.12805031,50.05726875,62.06610628,57.87111396,1.798942629,1.698263876
2017,MAL,78.58436214,81.218107,2387,2467,34.97884344,39.05852417,51.11662531,55.9926807,74.81617647,36.96558916,41.83076104,28.362878,22.67163385,35.9141791,68.50715746,62.81755196,62.56800871,16.78928504,16.69496321,25.46689304,29.56989247,1.528089888,1.624293785,9.102056216,8.677607998,5.763952425,5.541770058,69.80740741,112.5730994,116.3459725,-3.772873043,55.32214875,51.59620221,60.12311447,57.4828125,1.781955263,1.878304662
2017,VAL,78.01652893,80.95867769,2360,2449,39.7834912,37.20238095,50.87209302,56.09348915,82.78529981,41.72783738,35.93582888,29.19254658,24.9197861,28.16753927,69.9795082,63.49206349,55.63991323,16.58072802,15.14309264,27.02754509,29.90281585,1.502890173,1.623417722,7.284019245,9.48839349,5.342237062,6.589147287,68.98380165,113.093983,117.358968,-4.264984953,59.09861879,54.60019186,58.95513071,55.99926637,1.787484095,1.751689607
2018,EFS,85.4,80.2,2562,2406,40.74074074,35.35353535,58.88099467,53.22580645,81.94774347,39.29919137,35.85100879,22.69541779,23.6937403,26.98585419,67.87072243,62.1875,60.22099448,16.51639077,16.51639077,25.07699895,26.05402488,1.681690141,1.535211268,8.886283486,9.491109064,7.016129032,5.328596803,71.646,119.1971638,111.9392569,7.257906931,62.86782849,59.87429219,56.39190195,53.20433367,1.81528909,1.649055343
2018,CSK,86.406639,79.93360996,2603,2408,40,35.72542902,53.10233683,52.5728988,80.95975232,33.84861407,35.47315993,34.43496802,35.69452131,35.47094188,68.15034619,57.61226725,57.95724466,16.3064687,17.60726962,31.82316541,32.47356587,1.498575499,1.287598945,8.501663167,7.851262706,5.917667238,7.252215955,71.45294606,120.9280285,111.8688793,9.059149276,60.49648394,55.62583405,57.68998516,52.91245753,1.644040219,1.396718633
2018,MTA,79.2,78.2,2376,2346,33.63518758,37.11180124,53.66269165,51.50753769,70.88607595,39.7021058,35.03808487,24.34514638,28.61806311,32.69230769,72.30464886,53.37078652,55.6206089,16.42242382,16.65503605,29.68132124,26.05257037,1.345609065,1.326815642,9.071877181,7.955338451,6.783919598,5.110732538,71.65,110.5373343,109.1416609,1.395673412,55.36347255,52.7797549,56.89160299,53.23169476,1.433186906,1.425448163
2018,OLY,77.57676349,76.61410788,2337,2308,35.32182104,36.60968661,53.33333333,51.67785235,74.32675045,35.25179856,37.06441394,30.82457111,21.2249208,32.82828283,73.0620155,62.30859835,55.21191294,18.11731674,14.93967218,25.468584,28.45651844,1.384816754,1.53015873,7.683259979,9.390651085,5.369127517,7.777777778,69.99103734,110.8381393,109.4627409,1.375398391,57.00583412,53.29575161,55.86463716,53.10873659,1.46100025,1.676829097
2018,RMD,85.93333333,78.06666667,2578,2342,37.96068796,34.58856346,56.42923219,49.75806452,77.79783394,42.95514512,36.63771078,29.2348285,24.1185488,30.57768924,71.23775601,65.17954298,52.25433526,16.07923849,15.16042486,26.00242567,29.44797677,1.711428571,1.36969697,7.901797199,8.131500606,7.096774194,5.920444033,72.55733333,118.4350766,107.5930758,10.84200081,60.41189391,56.79291015,54.29406538,50.8154953,1.927784538,1.586092334
2018,ZAL,78.71604938,77.5308642,2391,2355,38.91129032,35.90096286,53.10173697,54.36179982,81.3559322,29.09090909,40.03303965,38.06451613,29.46035242,30.16759777,70.64128257,64.79041916,61.54747948,18.39695812,17.07275548,30.92959025,32.96318717,1.390745501,1.454293629,8.323559457,9.600469146,4.499540863,7.030603805,69.61251029,113.0774469,111.3749007,1.702546253,60.15300707,54.69648085,57.65412826,54.42358053,1.496678937,1.54798581
2018,MIL,86.90456432,86.80497925,2618,2615,38.68894602,39.17050691,52.84697509,55.09118541,80.45801527,40.90431125,33.09608541,34.43743428,26.89374682,31.72613308,67.05426357,53.40782123,56.53061224,15.49695075,14.90442028,27.39313941,28.71493815,1.405882353,1.694189602,8.796798512,7.520579039,4.939209726,5.871886121,72.82921162,119.3265208,119.189783,0.136737801,59.97602632,55.23728272,59.58822447,56.59055559,1.562991097,1.784687442
2018,PAO,79.30290456,78.20746888,2389,2356,31.56996587,34.76968796,54.68164794,52.28251507,69.51672862,30.50494534,36.695747,28.00624675,31.67938931,31.6491897,66.47230321,56.06557377,63.37693222,15.46167449,19.25765445,29.81233045,29.30311363,1.535928144,1.28125,9.813996982,7.869714561,7.149009475,5.842696629,71.70721992,110.5926358,109.0649853,1.527650474,55.35418731,52.44029196,56.74920187,52.71109067,1.615871041,1.339534822
2018,BAS,81.52697095,79.30290456,2456,2389,36.29943503,37.44911805,53.97775877,52.53456221,76.07913669,37.71976558,40.45005488,29.62173681,29.80241493,32.87536801,72.80788177,62.61261261,62.52955083,17.68415998,17.40712353,27.47278117,26.82636279,1.451697128,1.403183024,9.142202809,9.603930224,6.267281106,6.24465355,71.89311203,113.400253,110.3066793,3.093573678,58.13230266,54.35409121,58.06444699,54.0781282,1.555947781,1.524549122
2018,FNR,83.29218107,74.83127572,2530,2273,43.17841079,35.07109005,59.03500473,54.41310282,80.38461538,38.68909513,36.54734411,30.16241299,32.04387991,29.51015532,70.32392894,59.97807018,61.58536585,16.98616841,18.10240233,29.36180539,29.50740112,1.562857143,1.353887399,9.609318127,8.9784033,6.278434941,5.487228004,67.83539095,122.7857316,110.3130308,12.4727008,64.86611601,61.35506495,57.83334733,54.05566007,1.680759837,1.558667793
2018,KHI,77.84232365,81.49377593,2345,2455,34.95934959,38.43888071,54.37881874,54.39770554,76.79671458,46.71730874,39.36231884,26.42430819,38.66666667,28.10077519,65.81196581,65.62874251,68.07228916,16.67154691,19.64692214,31.83179212,27.06174612,1.552407932,1.358173077,10.76802463,9.492863822,8.604206501,7.84114053,70.28647303,110.7500779,115.9451775,-5.195099604,56.99513814,53.46338895,60.99783676,55.84453534,1.674615194,1.419435826
2018,BAR,78.67219917,76.04979253,2370,2291,36.67180277,36.2244898,53.25803649,52.50245339,75.17482517,36.05555556,43.48308375,31.77777778,27.6760954,32.35591507,72.05153617,60.98707403,60.31746032,18.26638796,18.26638796,28.57653993,30.17720279,1.337628866,1.273195876,9.368585579,9.603977176,7.26202159,5.994787142,70.51020747,111.5756172,107.85643,3.71918724,57.88889505,54.0666746,56.5939018,53.33196485,1.403758695,1.342901162
2018,BUD,74.33333333,85,2230,2550,38.11802233,39.21568627,48.18401937,58.23475887,72.33560091,33.60128617,39.38223938,23.63344051,31.32928847,27.96610169,70.43478261,52.8708134,66.30434783,16.74149249,15.65683242,30.70059609,26.22047838,1.245070423,1.837349398,8.158530144,8.818758017,7.37033667,5.891848265,70.68266667,105.1648683,120.2557911,-15.09092281,54.31465478,51.41630709,61.83730082,58.56397969,1.388820346,2.010186295
2018,DAR,74.6,85.86666667,2238,2576,31.54574132,37.75811209,51.0534846,54.24,74.70355731,33.94004283,35.1659751,27.08779443,29.87551867,31.133829,66.30859375,60,58.67237687,19.24015208,15.41973911,29.59669327,26.51274545,1.19138756,1.635820896,8.147145737,9.804192328,8.48,7.94165316,72.418,103.0130631,118.5708894,-15.55782632,53.51103455,49.81596049,59.25975005,55.27701024,1.287928696,1.829073633
2018,MUN,78.41322314,80.1322314,2372,2424,37.95180723,36.1971831,55.17551755,56.77130045,77.22772277,37.4084507,38.90410959,28.45070423,26.73972603,26.30457934,67.90648247,60.92485549,62.24719101,16.45360747,18.16060997,27.78620742,28.16554131,1.518731988,1.446475196,9.341097034,8.582429254,4.573991031,6.750675068,69.71768595,112.4724983,114.9381686,-2.465670283,59.46420307,55.8313897,59.69373089,56.01620757,1.670413018,1.527592185
2018,CAN,77.41078838,87.40248963,2332,2633,34.14948454,39.93855607,51.33451957,57.8125,73.09160305,40.84210526,34.86877343,27.57894737,30.04820568,28.97884085,67.05882353,61.75771971,57.73624091,17.93315823,18.06901549,28.93759623,27.7148809,1.313131313,1.393483709,9.147722127,9.962865682,4.934210526,6.049822064,73.30124481,105.6063762,119.2373879,-13.63101168,54.99053008,51.72028913,62.38754619,58.60033395,1.451851276,1.45217926
2019,EFS,86.80745342,76.86956522,1747,1547,40.64272212,35.47169811,57.00416089,50.84306096,86.41975309,42.32,40.73789393,25.92,18.98539585,30.58637084,68.38440111,57.1884984,67.75862069,15.69044984,17.44161612,23.11539485,27.45828722,1.598214286,1.578313253,9.736484499,7.84522492,6.225680934,7.489597781,70.93763975,122.3714994,108.3621692,14.00933021,62.46054788,58.35344466,55.45884807,52.50149596,1.694930986,1.741175192
2019,CSK,83.30864198,76.79012346,1687,1555,39.61605585,34.13043478,50.4867872,50.25316456,77.13498623,44.3498452,36.8,28.09597523,31.52,33.14840499,71.80555556,58.30508475,55.05415162,17.70465905,16.61514157,28.59983385,27.03365247,1.323076923,1.25,8.852329525,8.307570785,7.721518987,7.788595271,72.52049383,114.8759993,105.8874801,8.98851921,58.56309391,55.25822209,55.10500934,51.02198299,1.563985606,1.406436388
2019,MTA,84.27329193,76.1242236,1696,1532,38.5518591,35.84158416,54.6997389,46.1430575,72.7520436,40.01566171,41.46141215,28.73923258,35.96059113,29.95658466,71.8579235,56.33116883,58.62745098,17.38721805,19.06552095,31.08216971,26.71858217,1.33976834,1.052816901,10.87540279,8.190118153,7.152875175,6.527415144,74.0173913,113.8560687,102.8464017,11.00966702,59.37705281,56.1849824,53.7754146,48.31027059,1.412703557,1.147857251
2019,OLY,81.0797546,82.84662577,1652,1688,35.09513742,41.43426295,56.23342175,50.71895425,73.55769231,38.54930725,39.62115233,33.90383048,27.78216259,29.86627043,72.21418234,57.96610169,53.3557047,16.98676676,15.95934135,27.94597112,29.17888161,1.379032258,1.364806867,8.01391819,8.698868462,4.967320261,5.570291777,71.65447853,113.153785,115.619606,-2.465820981,58.05655096,54.28734605,59.10356892,54.98924213,1.462718646,1.429938217
2019,RMD,84.35,77.4,1687,1548,40,37.57961783,54.25219941,48.76847291,80.17492711,45.08856683,36.71083398,27.61674718,22.75915822,27.94561934,70.37037037,64.47811448,49.38917976,17.0556553,16.98660406,25.27275238,29.62298025,1.550607287,1.150406504,8.424250794,7.80278967,9.60591133,5.278592375,72.41,116.4894352,106.8913134,9.598121806,61.22472418,57.704742,54.26173191,51.13694703,1.732527812,1.242431866
2019,ZAL,76,76.88888889,1539,1557,33.70288248,36.40256959,52.02702703,53.51123596,82.8042328,37.86733837,39.60983885,31.73803526,31.043257,33.88804841,67.54658385,57.72811918,60.79854809,18.51878436,18.94945377,30.4339712,31.36708824,1.201550388,1.268939394,8.32627514,8.68516631,4.775280899,8.513513514,68.79901235,110.4667021,111.7587103,-1.292008211,55.86214455,50.47347414,58.63335678,54.43893535,1.383039255,1.301192338
2019,MIL,77.3,79.35,1546,1587,39.34065934,34.62321792,46.63212435,51.48387097,80.50139276,37.08231459,38.7835703,29.25835371,28.35703002,26.86781609,70.62937063,56.77179963,53.77855888,16.50973095,14.76081877,29.10189862,27.5628559,1.296610169,1.450236967,6.855735732,8.674604396,6.838709677,6.476683938,71.473,108.152729,111.020945,-2.86821597,56.96826606,52.18710424,55.74350131,51.41953795,1.48596019,1.50949967
2019,PAO,86.82926829,84.14634146,1780,1725,36.24733475,37.54385965,56.22817229,52.04081633,76.38190955,35.31626506,42.09748892,29.96987952,26.14475628,29.84218077,66.04774536,56.96784074,61.09324759,14.02515222,16.55100901,26.32208662,25.45797772,1.763033175,1.526104418,8.308739465,7.44463056,7.397959184,5.704307334,73.38731707,118.31645,114.6606046,3.655845364,59.12213286,55.68788261,56.17853456,52.99795498,2.041675471,1.557651513
2019,BAS,73.7,79.4,1474,1588,32.44353183,40.6122449,50.46113307,51.94244604,69.85074627,39.08507223,41.35021097,26.88603531,29.36708861,33.69863014,71.22861586,48.79852126,63.92857143,20.09438057,18.83410584,28.70625796,28.21615112,0.919860627,1.330855019,9.732121603,9.171999496,11.07913669,7.246376812,71.413,103.2024981,111.1842382,-7.981740019,52.81644664,49.80504043,58.86888563,55.19356714,0.981158283,1.568932402
2019,FNR,78.86419753,79.65432099,1597,1613,41.05263158,37.4732334,53.1024531,53.98351648,78.40909091,40.66780822,39.07949791,30.1369863,32.71966527,27.39059968,65.33127889,63.58792185,65.49295775,18.81659807,19.38039127,29.66961718,30.23341039,1.34082397,1.352727273,8.38642386,9.302587811,4.67032967,6.349206349,70.07209877,112.5472177,113.6748041,-1.127586401,60.52736126,57.0383371,59.94260139,56.08854352,1.436879188,1.454033945
2019,KHI,86.40993789,87.85093168,1739,1768,39.14590747,38.84462151,57.70862801,56.14702155,83.2278481,44.28684003,38.88458559,24.90149724,31.21611154,29.57746479,66.22613803,61.62420382,59.87460815,17.73049645,15.97098154,30.04710086,24.02414596,1.477099237,1.618644068,8.729900926,9.880352986,7.477820025,5.516265912,73.42509317,117.6844784,119.6470142,-1.962535867,61.45202698,57.7052846,59.8263116,56.53503953,1.531684184,1.761941158
2019,BAR,83.95,78.1,1679,1562,38.24130879,37.09090909,54.5212766,51.98821797,78.0104712,39.40370669,44.75183076,30.78162772,25.54922701,31.46747352,73.82352941,62.64656616,61.75942549,18.21728,19.91033577,26.47939213,28.98511465,1.390334572,1.170068027,9.277945578,9.074778887,6.627393225,5.85106383,73.831,113.705625,105.782124,7.923500968,59.438701,55.51835674,56.81130412,53.46161597,1.463547267,1.250052471
2019,RED,73.22699387,74.99386503,1492,1528,34.97652582,33.40163934,49.04701398,51.84135977,75.6232687,35.11953833,40.87102178,29.76092333,33.7520938,31.93641618,69.51399116,57.38317757,59.5463138,18.52008338,18.44966481,31.05458847,28.02659005,1.16730038,1.202290076,9.788180948,9.788180948,8.073654391,8.894536213,69.69717791,105.0645034,107.5995719,-2.535068447,54.69501646,50.53467782,55.01796821,50.28075472,1.277347494,1.476913056
2019,VAL,82.68322981,82.88198758,1664,1668,36.31178707,38.26923077,53.92156863,57.43519782,79.45544554,42.41935484,41.50039904,32.58064516,22.50598563,34.06432749,70.82683307,61.11111111,57.25806452,16.44505664,16.6558907,25.37036516,30.36010457,1.504273504,1.497890295,8.99558654,8.925308521,3.547066849,6.582633053,70.70409938,116.942625,117.2237371,-0.281112079,57.81213013,52.95367388,61.00906842,57.89284398,1.640625732,1.732572646
2019,BER,81.68674699,85.15662651,1695,1767,38.80597015,38.06584362,50.26595745,56.99745547,80.15267176,41.61490683,38.20754717,30.51242236,30.66037736,31.64556962,68.38124054,67.40614334,62.87519747,19.01938666,18.95380257,27.21739815,27.87323907,1.362068966,1.37716263,9.247356961,9.772029696,5.979643766,6.382978723,73.48240964,111.1650358,115.8870904,-4.722054618,57.14201398,52.54483692,60.97833831,56.91388112,1.545116738,1.748799054
2019,ASV,73.68944099,81.04347826,1483,1631,33.92461197,40.05037783,50.19455253,54.61638492,75.07507508,36.90671031,34.04802744,27.25040917,36.27787307,29.97159091,69.0821256,61.48148148,61.65803109,17.51114022,17.51114022,32.60204154,27.97511425,1.349593496,1.451219512,7.403083669,8.613203115,8.062418726,6.744487678,69.8047205,105.5651258,116.1002833,-10.53515753,54.49832508,50.94607915,59.86920938,56.11714223,1.514491373,1.494001763
2019,MUN,74.33540373,83.37888199,1496,1678,40.14778325,37.03703704,49.28848642,55.79809004,77.04402516,34.43596268,41.1717496,26.97201018,29.21348315,27.75193798,66.36225266,61.21323529,60.60100167,20.12522361,17.39993292,28.7203712,27.25290698,1.15625,1.457831325,8.385509839,10.55176655,6.002728513,9.702457956,71.10757764,104.539356,117.2573792,-12.71802326,56.48249292,52.61255395,59.9673928,56.00688167,1.243786267,1.603492264
2019,ZEN,73.2345679,78.71604938,1483,1594,33.13840156,39.33747412,51.49456522,52.44072524,70.72368421,41.07285829,40.25,24.33947158,27.16666667,33.51724138,65.6,66.4845173,64.66431095,19.20487563,20.05527603,28.3466799,28.70101339,1.346863469,1.293286219,10.13393806,8.858337467,7.252440725,6.793478261,69.68395062,105.0953157,112.9615194,-7.866203671,53.21738317,50.42637334,59.16536543,54.91577527,1.478145434,1.463402289
